2zYzyRzz6pRmhPzyfMEC8s,10,83
08mG3Y1vljYA6bvDt4Wqkj,10,83
57bgtoPSgt236HzfBOd8kj,9,82
5MxNLUsfh7uzROypsoO5qe,8,78
6F5c58TMEs1byxUstkzVeM,7,73
4lCv7b86sLynZbXhfScfm2,7,72
2KH16WveTQWT6KOG9Rg6e2,7,77
3gbBpTdY8lnQwqxNCcf795,7,73
4bHsxqR3GMrXTxEPLuK5ue,7,81
4kbj5MwxO1bq9wjT5g9HaA,7,82
5b88tNINg4Q4nrRbrCXUmg,7,3
3cfOd4CMv2snFaKAnMdnvK,7,79
1SOClUWhOi8vHZYMz3GluK,6,91
50kpGaPAhYJ3sGmk6vplg0,6,83
4KfSdst7rW39C0sfhArdrz,6,72
4h8VwCb1MTGoLKueQ1WgbD,6,6
2PpruBYCo4H7WOBJ7Q2EwM,6,81
37f4ITSlgPX81ad2EvmVQr,6,77
2374M0fQpWi3dLnB54qaLX,6,82
5MMnwYs0hIxkENRsbkWJ2G,6,73
77NNZQSqzLNqh2A9JhLRkg,6,72
2WfaOiMkCvy7F5fcp2zZ8L,6,83
6U4VqEHy4n5VeiH4pQPL24,6,74
1rqqCSm0Qe4I9rUvWncaom,6,81
5xTtaWoae3wi06K5WfVUUH,6,72
1WkMMavIMc4JZ8cfMmxHkI,6,73
0Q7ZM15J0cJA9rd7pQYdRq,5,7
3PgjBOoA5OytNGkglObpOd,5,68
5ihS6UUlyQAfmp48eSkxuQ,5,77
3CRDbSIZ4r5MsZ0YwxuEkn,5,84
6dGnYIeXmHdcikdzNNDMm2,5,82
5QjJgPU8AJeickx34f7on6,5,0
6D60klaHqbCl9ySc8VcRss,5,67
6NPVjNh8Jhru9xOmyQigds,5,1
5T7ZFtCcOgkpjxcuaeZbw0,5,77
2SAqBLGA283SUiwJ3xOUVI,5,81
2Fs18NaCDuluPG1DHGw1XG,5,74
6KuHjfXHkfnIjdmcIvt9r0,5,67
1yjY7rpaAQvKwpdUliHx0d,5,80
6QgjcU0zLnzq5OrUoSZ3OK,5,77
78qd8dvwea0Gosb6Fe6j3k,5,80
3NbAsIxDL0fVgNuCLD152P,5,63
4DMKwE2E2iYDKY01C335Uw,5,75
71SvEDmsOwIWw1IozsZoMA,5,72
24NwBd5vZ2CK8VOQVnqdxr,5,73
2SiXAy7TuUkycRVbbWDEpo,5,79
39shmbIHICJ2Wxnk1fPSdz,5,78
57JVGBtBLCfHw2muk5416J,5,73
1H5tvpoApNDxvxDexoaAUo,5,65
7tFiyTwD0nx5a1eklYtX2J,5,73
5vdp5UmvTsnMEMESIF2Ym7,5,81
5EOoMWIB9iK4ZpcSex9Ec7,5,73
1hlveB9M6ijHZRbzZ2teyh,5,73
0HUTL8i4y4MiGCPId7M7wb,5,1
2qKrxtkIuCOyE66TAunMXx,5,56
6jEZLz3YpnEBRpVkv35AmP,4,12
2K87XMYnUMqLcX3zvtAF4G,4,80
7lPN2DXiMsVn7XUKtOW1CS,4,31
0cMcFcm3YvB8o1yKkYNv0a,4,60
07GvNcU1WdyZJq3XxP0kZa,4,76
2Za1AlJNvksouPPWbXpR2X,4,70
1dcNEEtODRVZEevQ20Cgmy,4,74
4u8RkgV6P4TLi89SmlUtv8,4,67
2v5VIWMjZxeiG52KckiXxS,4,69
7Bpx2vsWfQFBACRz4h3IqH,4,79
4vp2J1l5RD4gMZwGFLfRAu,4,45
4G8gkOterJn0Ywt6uhqbhp,4,72
2V65y3PX4DkRhy1djlxd9p,4,77
7MmG8p0F9N3C4AXdK6o6Eb,4,79
32OlwWuMpZ6b0aN2RZOeMS,4,82
3DNRdudZ2SstnDCVKFdXxG,4,68
3HWzoMvoF3TQfYg4UPszDq,4,76
7e89621JPkKaeDSTQ3avtg,4,81
3QzAOrNlsabgbMwlZt7TAY,4,79
6PQ88X9TkUIAUIZJHW2upE,4,41
0r2Bul2NuCViraT2zX1l5j,4,74
3cHyrEgdyYRjgJKSOiOtcS,4,81
4yugZvBYaoREkJKtbG08Qr,4,76
2AYEOC02WLhUiOoaig2SEH,4,75
3M0lSi5WW79CXQamgSBIjx,4,84
5BIMPccDwShpXq784RJlJp,4,14
5FVd6KXrgO9B3JPmC8OPst,4,84
2iUXsYOEPhVqEBwsqP70rE,4,81
7JgZbix8xDasAhbn3N7eIF,4,65
7qrBYrivpvfXUPBMmqh3dA,4,66
19JzJOMs4wkuKxY8WEOMea,4,64
4JLI9AgtAXutJvjlXgZBoR,4,61
4XPq8MBYuWi4Z5PzmebwYo,4,54
1jcQ040aWKeiUGJ2IcnFtV,4,59
2m2GJpBjQNNphaCgBeoj7R,4,66
6hIOunhsLUT66KQgZV5dMD,4,35
3gdewACMIVMEWVbyb8O9sY,4,81
6WrI0LAC5M1Rw2MnX2ZvEg,4,80
70C4NyhjD5OZUMzvWZ3njJ,4,76
45yEy5WJywhJ3sDI28ajTm,4,0
1AhDOtG9vPSOmsWgNW0BEY,4,0
0vOkmmJEtjuFZDzrQSFzEE,4,71
2Cdvbe2G4hZsnhNMKyGrie,4,76
2Gy7qnDwt8Z3MNxqat4CsK,4,71
2EqlS6tkEnglzr7tkKAAYD,4,77
43DeSV93pJPT4lCZaWZ6b1,4,74
54flyrjcdnQdco7300avMJ,4,69
4CJVkjo5WpmUAKp3R44LNb,4,0
5xbuJuQsTVheVZvX2AJVIv,4,66
43bSKCMWHIuBsUVmQcDX1J,4,62
1Oo7XEqkrwifJn17aA0ocF,4,63
66S14BkJDxgkYxLl5DCqOz,4,71
6Ac4NVYYl2U73QiTt11ZKd,4,73
0J6mQxEZnlRt9ymzFntA6z,4,0
40riOy7x9W7GXjyGp4pjAv,4,83
5ChkMS8OtdzJeqyybCc9R5,4,83
7hQJA50XrCWABAu5v6QZ4i,4,73
6NdcSEhpGGAYXNnnhGS2s6,4,64
3MrRksHupTVEQ7YbA0FsZK,4,76
1B75hgRqe7A4fwee3g3Wmu,4,74
2tUBqZG2AbRi7Q0BIrVrEj,4,81
1QFh8OH1e78dGd3VyJZCAC,4,74
63OFKbMaZSDZ4wtesuuq6f,4,72
5qyq1H5OPMlfuvZQ1wQNo7,4,71
7N3PAbqfTjSEU1edb2tY8j,4,78
2OFpzfsXAvTOKJtvEkiqMP,4,51
0moS6k1E4YNbkG4Dxet8ZH,4,54
0I3q5fE6wg7LIfHGngUTnV,4,82
0weAUscowxeqDtpCgtbpgp,4,71
5Q0Nhxo0l2bP3pNjpGJwV1,4,75
6wDviYDtmSDZ0S6TVMM9Vc,4,64
683hRieVmYdAhVA1DkjSAk,4,59
1mea3bSkSGXuIRvnydlB5b,4,81
6d3edMXJpns1A0zGKkmlGw,4,61
76mjPF4HMKDI0sfCOCQEFO,4,0
28Q8OBtruJ8uDAKvE7JuLX,4,41
4Zil8ro7fhQGVYXl2YYkO2,4,62
534weu3DIwV9UELLTGanOC,4,63
2iHr1co9ElgzHredwMNKOy,4,62
2OikDCslmF1Y04Szgbc8Hl,4,60
6G4U9avyBNEfP0fAIduev3,4,77
5Hroj5K7vLpIG4FNCRIjbP,4,79
0iQ77tSa7ncj7zBPtVx6cU,4,63
04aAxqtGp5pv12UXAg4pkq,4,80
3Tqf2Y1dGgr7j3mtunEFaQ,4,57
4HNlRF6Nux7jU68kTpX7CP,4,1
58PSYdY0GFg0LFb2PxYk4T,4,62
6AQRsHoBH1eig81Kxz1RbH,4,37
5OGxL32xYf3i71IcvHLJVH,4,48
10vkYRKw6Jjr7try1ir50G,4,66
7s0lDK7y3XLmI7tcsRAbW0,4,65
09ts3GnICqYEU5PkQCpJK3,4,54
6fQcqEcXfnY0L6VwS0c3gT,4,59
7iDa6hUg2VgEL1o1HjmfBn,4,75
0XyjtybwqSdqMAFfBEkmZf,4,58
5ygDXis42ncn6kYG14lEVG,4,75
7toIqSTfa9Phsmu2hKwTyx,4,57
6z5Xrx58p5Bs18RIe6KXbI,3,9
4Xtlw8oXkIOvzV7crUBKeZ,3,72
0bMRpUsk1IWi5O2NIkWsqR,3,43
79zvVrn65ksbiGQxrtV4I5,3,73
1ZMiCix7XSAbfAJlEZWMCp,3,85
41CgzGD7xlgnJe14R4cqkL,3,72
34xTFwjPQ1dC6uJmleno7x,3,74
1dGr1c8CrMLDpV6mPbImSI,3,83
6mzQgdrGGVY5eE8dmrxUKA,3,33
1uRwUQicwng6S44RtsANQv,3,42
0gDRtumoR9ZrvAlnniToMz,3,62
6VqZS3Wmf53pbfDBVEYvnP,3,48
24ngpWhBOxKJtIPnzSNX8c,3,68
4JSDhJVmo2UqdF7nxbyenn,3,64
761frfZtZ8I2g70UsjFfBK,3,47
3dLRK3SKATbzMd1tcAzsJz,3,49
47Bg6IrMed1GPbxRgwH2aC,3,78
3lel1ENtvzcRPziaCXYFTf,3,53
3JjnGLK8IxkNLvo8Lb3KOM,3,77
5O2P9iiztwhomNh8xkR9lJ,3,84
2JzZzZUQj3Qff7wapcbKjc,3,81
2LMkwUfqC6S6s6qDVlEuzV,3,76
5GUYJTQap5F3RDQiCOJhrS,3,74
6LxcPUqx6noURdA5qc4BAT,3,4
6ixkZ2Q9gQeh52C6GxbETg,3,22
3BQHpFgAp4l80e1XslIjNI,3,75
5RgFlk1fcClZd0Y4SGYhqH,3,72
4bBrKDo8rchikwZOtmXbIH,3,66
0ZCgdK43gaC9wKnC1QQesI,3,35
4rogQcTh9fZvqH6aCUGxuB,3,36
5LwSdQ08DDEPeYEFUQlGP8,3,34
7tYjXd42SzEhrWEFQeZxNm,3,58
4rG3h1QwgjSSWz8EIjCFrm,3,69
5l9g7py8RCblcvbZgGQgSd,3,66
5Hm2MJQ4ECvQmH5QWCMQrR,3,62
16iRlyUMJVPqz62DlomMre,3,76
62aa4ZnQGgF8gXzzvWRJhG,3,58
5sLGYJOhLP197nmkaRMMEH,3,64
6jB7cmxRuvf5QUxYl73q0o,3,61
5TTXEcfsYLh6fTarLaevTi,3,76
439tGS9rVbyTjj5SmneD56,3,57
3yfqSUWxFvZELEM4PmlwIR,3,87
6nO3tr47nr2P7f3hXb8JIo,3,72
3bidbhpOYeV4knp8AIu8Xn,3,82
6Qn5zhYkTa37e91HC1D7lb,3,81
0pqnGHJpmpxLKifKRmU6WP,3,87
7r45JFRfUkMjj5PHdAmRYk,3,0
6PUIzlqotEmPuBfjbwYWOB,3,73
